Title_CN,Title_EN,Date,Domestic/International,Audience,Type,AI_Term_Counts,Reporting Duplicate? (Y/N),URL
习近平在中国科学院第十七次院士大会、中国工程院第十二次院士大会上的讲话,Xi Jinping's Speech at the 17th Academician Conference of the Chinese Academy of Sciences and the 12th Academician Conference of the Chinese Academy of Engineering,2014-06-09,Domestic,Academia/Scientists,speech transcript,人工智能(4),N,https://jhsjk.people.cn/article/25125270
习近平在中国科学院第十九次院士大会、中国工程院第十四次院士大会上的讲话,Xi Jinping's Speech at the 19th Academician Conference of the Chinese Academy of Sciences and the 14th Academician Conference of the Chinese Academy of Engineering,2014-06-09,Domestic,Academia/Scientists,speech transcript,人工智能(6); 深度学习(2); 算法(2),N,https://jhsjk.people.cn/article/30019426
习近平：在中国科学院第十七次院士大会、中国工程院第十二次院士大会上的讲话,Xi Jinping: Speech at the 17th Academician Conference of the Chinese Academy of Sciences and the 12th Academician Conference of the Chinese Academy of Engineering,2014-06-09,Domestic,Academia/Scientists,speech transcript,人工智能(4),Y,https://jhsjk.people.cn/article/25125594
努力成为世界主要科学中心和创新高地,Strive to Become a Major World Science Center and Innovation Highland,2014-06-09,International,Academia/Scientists,speech transcript,人工智能(4); 算法(2),Y,https://jhsjk.people.cn/article/32051839
习近平会见英国首相特雷莎·梅,Xi Jinping Meets with British Prime Minister Theresa May,2015-01-01,International,Other Heads of State / Foreign Leaders,meeting description,人工智能(2),Y,https://jhsjk.people.cn/article/29801192
习近平在省部级主要领导干部学习贯彻党的十八届五中全会精神专题研讨班上的讲话,Xi Jinping's Speech at the Special Seminar for Principal Leading Cadres at Provincial and Ministerial Level on Studying and Implementing the Spirit of the Fifth Plenary Session of the 18th CPC Central Committee,2016-01-18,Domestic,Government Officials,speech transcript,人工智能(2),N,https://jhsjk.people.cn/article/28337020
习近平会见捷克总统泽曼,Xi Jinping Meets with Czech President Zeman,2016-03-01,International,Other Heads of State / Foreign Leaders,meeting description,人工智能(2),N,https://jhsjk.people.cn/article/30383218
习近平：加强改革创新开创发展新局面,Xi Jinping: Strengthen Reform and Innovation to Create a New Development Situation,2016-04-27,Domestic,Provincial/Municipal Officials & Citizens,visit description,人工智能(2),N,https://jhsjk.people.cn/article/28309757
习近平：全面落实“十三五”规划纲要 加强改革创新开创发展新局面,"Xi Jinping: Comprehensively Implement the ""13th Five-Year Plan"" Outline, Strengthen Reform and Innovation to Create a New Development Situation",2016-04-28,Domestic,Academia/Scientists,visit description,人工智能(2),Y,https://jhsjk.people.cn/article/28310052
习近平出席B20峰会开幕式并发表主旨演讲（全文）,Xi Jinping Attends B20 Summit Opening Ceremony and Delivers Keynote Speech (Full Text),2016-09-03,International,Business/Industry,speech transcript,人工智能(2),N,https://jhsjk.people.cn/article/28689036
习近平：中国发展新起点 全球增长新蓝图,"Xi Jinping: China's New Starting Point for Development, New Blueprint for Global Growth",2016-09-03,International,Government Officials,meeting description,人工智能(2),Y,https://jhsjk.people.cn/article/28690521
让人类命运共同体理念照亮未来——写在习近平主席二〇一七年首次出访之际,Let the Concept of a Community with a Shared Future for Mankind Illuminate the Future — Written on the Occasion of President Xi Jinping's First Visit Abroad in 2017,2017-01-15,International,Other Heads of State / Foreign Leaders,visit description,人工智能(2),N,https://jhsjk.people.cn/article/29023718
习近平在世界经济论坛2017年年会开幕式上的主旨演讲,Xi Jinping's Keynote Speech at the Opening Ceremony of the World Economic Forum 2017 Annual Meeting,2017-01-17,International,Other Heads of State / Foreign Leaders,meeting description,人工智能(2),N,https://jhsjk.people.cn/article/29032027
习近平主席在世界经济论坛2017年年会开幕式上的主旨演讲（全文）,President Xi Jinping's Keynote Speech at the Opening Ceremony of the World Economic Forum 2017 Annual Meeting (Full Text),2017-01-17,International,Other Heads of State / Foreign Leaders,meeting description,人工智能(2),Y,https://jhsjk.people.cn/article/29031339
习近平在“一带一路”国际合作高峰论坛开幕式上的演讲,Xi Jinping's Speech at the Opening Ceremony of the Belt and Road Forum for International Cooperation,2017-05-14,International,Other Heads of State / Foreign Leaders,speech transcript,人工智能(2),Y,https://jhsjk.people.cn/article/29273979
习近平：坚持开放包容 推动联动增长,"Xi Jinping: Uphold Openness and Inclusiveness, Promote Interconnected Growth",2017-07-07,International,Other Heads of State / Foreign Leaders,speech transcript,人工智能(2),N,https://jhsjk.people.cn/article/29391615
习近平继续出席二十国集团领导人第十二次峰会,Xi Jinping Continues to Attend the 12th G20 Leaders' Summit,2017-07-09,International,Business/Industry,speech transcript,人工智能(2),Y,https://jhsjk.people.cn/article/29392280
习近平：站在更高起点谋划和推进改革,Xi Jinping: Plan and Advance Reform from a Higher Starting Point,2017-08-29,Domestic,Party/CCP Officials,meeting description,人工智能(2),N,https://jhsjk.people.cn/article/29502441
习近平：加强领导总结经验运用规律 站在更高起点谋划和推进改革,"Xi Jinping: Strengthen Leadership, Summarize Experience, Apply Laws, Plan and Advance Reform from a Higher Starting Point",2017-08-30,Domestic,Party/CCP Officials,speech transcript,人工智能(2),Y,https://jhsjk.people.cn/article/29503398
习近平：决胜全面建成小康社会 夺取新时代中国特色社会主义伟大胜利,Xi Jinping: Secure a Decisive Victory in Building a Moderately Prosperous Society in All Respects and Strive for the Great Success of Socialism with Chinese Characteristics for a New Era,2017-10-18,Domestic,Party/CCP Officials,speech transcript,人工智能(2),N,https://jhsjk.people.cn/article/29613458
习近平在中国共产党第十九次全国代表大会上的报告,Xi Jinping's Report at the 19th National Congress of the Communist Party of China,2017-10-18,Domestic,Academia/Scientists,speech transcript,人工智能(2),Y,https://jhsjk.people.cn/article/29613660
抓住世界经济转型机遇 谋求亚太更大发展,Seize Opportunities in the Transformation of the World Economy and Seek Greater Development for the Asia-Pacific,2017-11-11,International,Government Officials,meeting description,人工智能(4),N,https://jhsjk.people.cn/article/29639925
携手谱写亚太合作共赢新篇章,Work Together to Write a New Chapter of Win-Win Cooperation in the Asia-Pacific,2017-11-12,Domestic,Government Officials,meeting description,人工智能(2),Y,https://jhsjk.people.cn/article/29640594
习近平在中国共产党与世界政党高层对话会上的主旨讲话,Xi Jinping's Keynote Speech at the CPC in Dialogue with World Political Parties High-Level Meeting,2017-12-02,International,Government Officials,speech transcript,人工智能(2),N,https://jhsjk.people.cn/article/29681332
习近平致信祝贺第四届世界互联网大会开幕,Xi Jinping Sends Congratulatory Letter on the Opening of the Fourth World Internet Conference,2017-12-03,International,Government Officials,speech transcript,人工智能(2),N,https://jhsjk.people.cn/article/29682622
习近平致第四届世界互联网大会的贺信,Xi Jinping's Congratulatory Letter to the Fourth World Internet Conference,2017-12-03,International,Government Officials,meeting description,人工智能(2),Y,https://jhsjk.people.cn/article/29682693
习近平：尊重网络主权 发扬伙伴精神 共同搭乘互联网和数字经济发展的快车,"Xi Jinping: Respect Cyber Sovereignty, Foster Partnership Spirit, and Board Together the Fast Train of Internet and Digital Economy Development",2017-12-04,International,Other Heads of State / Foreign Leaders,speech transcript,人工智能(2),Y,https://jhsjk.people.cn/article/29683103
习近平：审时度势精心谋划超前布局力争主动 实施国家大数据战略加快建设数字中国,"Xi Jinping: Assess the Situation Carefully, Plan Ahead Strategically, Strive for Initiative, Implement National Big Data Strategy and Accelerate the Construction of Digital China",2017-12-10,Domestic,Party/CCP Officials,speech transcript,人工智能(2),N,https://jhsjk.people.cn/article/29696484
习近平同法国总统马克龙举行会谈,Xi Jinping Holds Talks with French President Macron,2018-01-10,International,Other Heads of State / Foreign Leaders,meeting description,人工智能(2),N,https://jhsjk.people.cn/article/29755222
习近平：深刻认识建设现代化经济体系重要性 推动我国经济发展焕发新活力迈上新台阶,"Xi Jinping: Deeply Understand the Importance of Building a Modern Economic System, Promote New Vitality and New Levels in China's Economic Development",2018-02-01,Domestic,Party/CCP Officials,speech transcript,人工智能(2),N,https://jhsjk.people.cn/article/29798984
一项历史性工程——习近平总书记调研京津冀协同发展并主持召开座谈会纪实,A Historic Project — A Record of General Secretary Xi Jinping's Investigation of Beijing-Tianjin-Hebei Coordinated Development and Presiding Over a Symposium,2018-02-28,International,Other Heads of State / Foreign Leaders,meeting description,人工智能(2),N,https://jhsjk.people.cn/article/30578445
习近平：党中央支持海南全面深化改革开放 争创新时代中国特色社会主义生动范例,"Xi Jinping: The Party Central Committee Supports Hainan's Comprehensive Deepening of Reform and Opening Up, Striving to Create a Vivid Example of Socialism with Chinese Characteristics in the New Era",2018-04-13,Domestic,Party/CCP Officials,speech transcript,人工智能(2),N,https://jhsjk.people.cn/article/29925624
在庆祝海南建省办经济特区30周年大会上的讲话,Speech at the Conference Celebrating the 30th Anniversary of Hainan Province and Hainan Special Economic Zone,2018-04-14,Domestic,Academia/Scientists,speech transcript,人工智能(2),Y,https://jhsjk.people.cn/article/29925838
习近平：敏锐抓住信息化发展历史机遇 自主创新推进网络强国建设,"Xi Jinping: Keenly Seize Historic Opportunities in Information Development, Promote the Construction of a Cyber Power Through Independent Innovation",2018-04-22,Domestic,Party/CCP Officials,speech transcript,人工智能(2),N,https://jhsjk.people.cn/article/29941337
习近平：坚决打好污染防治攻坚战 推动生态文明建设迈上新台阶,"Xi Jinping: Resolutely Fight the Battle Against Pollution, Promote Ecological Civilization Construction to a New Level",2018-05-20,Domestic,Party/CCP Officials,speech transcript,人工智能(2),N,https://jhsjk.people.cn/article/30000992
习近平向2018中国国际大数据产业博览会致贺信,Xi Jinping's Congratulatory Letter to the 2018 China International Big Data Industry Expo,2018-05-27,Domestic,Business/Industry,speech transcript,人工智能(2),N,https://jhsjk.people.cn/article/30015664
习近平：在中国科学院第十九次院士大会、中国工程院第十四次院士大会上的讲话,Xi Jinping: Speech at the 19th Academician Conference of the Chinese Academy of Sciences and the 14th Academician Conference of the Chinese Academy of Engineering,2018-05-28,Domestic,Academia/Scientists,speech transcript,人工智能(6); 深度学习(2); 算法(2),N,https://jhsjk.people.cn/article/30019215
习近平：瞄准世界科技前沿引领科技发展方向 抢占先机迎难而上建设世界科技强国,"Xi Jinping: Aim at the World's Frontiers of Science and Technology to Lead the Direction of Scientific and Technological Development, Seize Opportunities and Overcome Difficulties to Build a World Power in Science and Technology",2018-05-28,International,Other Heads of State / Foreign Leaders,speech transcript,人工智能(2),Y,https://jhsjk.people.cn/article/30018949
习近平在山东考察时强调  切实把新发展理念落到实处 不断增强经济社会发展创新力,"Xi Jinping Emphasizes During Inspection in Shandong: Effectively Implement the New Development Concept, Continuously Enhance Innovation Capacity in Economic and Social Development",2018-06-14,Domestic,Provincial/Municipal Officials & Citizens,visit description,人工智能(2),N,https://jhsjk.people.cn/article/30060076
习近平：切实把新发展理念落到实处 不断增强经济社会发展创新力,"Xi Jinping: Effectively Implement the New Development Concept, Continuously Enhance Innovation Capacity in Economic and Social Development",2018-06-15,Domestic,Academia/Scientists,visit description,人工智能(2),Y,https://jhsjk.people.cn/article/30060311
习近平在中阿合作论坛第八届部长级会议开幕式上的讲话,Xi Jinping's Speech at the Opening Ceremony of the Eighth Ministerial Meeting of the China-Arab States Cooperation Forum,2018-07-10,International,Government Officials,speech transcript,人工智能(2),N,https://jhsjk.people.cn/article/30138530
习近平：携手推进新时代中阿战略伙伴关系,Xi Jinping: Work Together to Advance the China-Arab Strategic Partnership in the New Era,2018-07-11,Domestic,Academia/Scientists,meeting description,人工智能(2),Y,https://jhsjk.people.cn/article/30139172
习近平：顺应时代潮流 实现共同发展,"Xi Jinping: Follow the Tide of the Times, Achieve Common Development",2018-07-26,International,Other Heads of State / Foreign Leaders,speech transcript,人工智能(2),N,https://jhsjk.people.cn/article/30170246
习近平在金砖国家领导人约翰内斯堡会晤大范围会议上的讲话（全文）,Xi Jinping's Speech at the BRICS Leaders Johannesburg Summit Large-Scale Meeting (Full Text),2018-07-26,International,Other Heads of State / Foreign Leaders,speech transcript,人工智能(2),Y,https://jhsjk.people.cn/article/30172564
习近平：让美好愿景变为现实,Xi Jinping: Turn Beautiful Vision into Reality,2018-07-27,International,Other Heads of State / Foreign Leaders,meeting description,人工智能(2),Y,https://jhsjk.people.cn/article/30173944
习近平向首届中国国际智能产业博览会致贺信,Xi Jinping's Congratulatory Letter to the First China International Intelligent Industry Expo,2018-08-24,International,Business/Industry,meeting description,人工智能(2),N,https://jhsjk.people.cn/article/30247746
习近平致2018世界人工智能大会的贺信,Xi Jinping's Congratulatory Letter to the 2018 World Artificial Intelligence Conference,2018-09-17,International,Government Officials,letter,人工智能(19),N,https://jhsjk.people.cn/article/30298399
习近平：共享数字经济发展机遇 共同推动人工智能造福人类,"Xi Jinping: Share Opportunities in Digital Economy Development, Jointly Promote Artificial Intelligence to Benefit Mankind",2018-09-17,International,Other Heads of State / Foreign Leaders,speech transcript,人工智能(47),Y,https://jhsjk.people.cn/article/30299114
人大常委会第六次会议在京闭幕 习近平签署主席令予以公布 栗战书主持会议,"NPC Standing Committee Sixth Session Concludes in Beijing, Xi Jinping Signs Presidential Order for Promulgation, Li Zhanshu Presides Over the Meeting",2018-10-27,Domestic,Party/CCP Officials,meeting description,人工智能(2),N,https://jhsjk.people.cn/article/30366015
习近平：推动我国新一代人工智能健康发展,Xi Jinping: Promote the Healthy Development of China's New Generation of Artificial Intelligence,2018-10-31,Domestic,Party/CCP Officials,speech transcript,人工智能(81); 深度学习(2),N,https://jhsjk.people.cn/article/30374719
习近平：共建创新包容的开放型世界经济,"Xi Jinping: Build an Innovative, Inclusive, and Open World Economy Together",2018-11-05,International,Other Heads of State / Foreign Leaders,speech transcript,人工智能(2),N,https://jhsjk.people.cn/article/30383522
习近平在首届中国国际进口博览会开幕式上的主旨演讲（全文）,Xi Jinping's Keynote Speech at the Opening Ceremony of the First China International Import Expo (Full Text),2018-11-05,International,Other Heads of State / Foreign Leaders,speech transcript,人工智能(2),Y,https://jhsjk.people.cn/article/30382600
习近平向第五届世界互联网大会致贺信,Xi Jinping's Congratulatory Letter to the Fifth World Internet Conference,2018-11-08,International,Business/Industry,letter,人工智能(2),N,https://jhsjk.people.cn/article/30388108
习近平主席在亚太经合组织工商领导人峰会上的主旨演讲（全文）,President Xi Jinping's Keynote Speech at the APEC CEO Summit (Full Text),2018-11-17,International,Business/Industry,speech transcript,人工智能(2),N,https://jhsjk.people.cn/article/30406239
同舟共济创造美好未来,Create a Better Future Together,2018-11-18,International,Business/Industry,speech transcript,人工智能(2),Y,https://jhsjk.people.cn/article/30406666
习近平在亚太经合组织第二十六次领导人非正式会议上的讲话（全文）,Xi Jinping's Speech at the 26th APEC Economic Leaders' Informal Meeting (Full Text),2018-11-18,International,Business/Industry,speech transcript,人工智能(2),Y,https://jhsjk.people.cn/article/30406916
习近平：把握时代机遇 共谋亚太繁荣,"Xi Jinping: Seize the Opportunities of the Times, Seek Prosperity for the Asia-Pacific",2018-11-19,International,Business/Industry,meeting description,人工智能(2),Y,https://jhsjk.people.cn/article/30407251
中央经济工作会议在北京举行 习近平李克强作重要讲话,"Central Economic Work Conference Held in Beijing, Xi Jinping and Li Keqiang Deliver Important Speeches",2018-12-22,Domestic,Party/CCP Officials,speech transcript,人工智能(2),N,https://jhsjk.people.cn/article/30481845
习近平出席中央政法工作会议并发表重要讲话,Xi Jinping Attends Central Political and Legal Work Conference and Delivers Important Speech,2019-01-16,Domestic,Party/CCP Officials,speech transcript,人工智能(2),N,https://jhsjk.people.cn/article/30559257
习近平：全面深入做好新时代政法各项工作 促进社会公平正义保障人民安居乐业,"Xi Jinping: Comprehensively and Thoroughly Do All Political and Legal Work in the New Era, Promote Social Fairness and Justice and Ensure People's Peace and Prosperity",2019-01-17,International,Other Heads of State / Foreign Leaders,speech transcript,人工智能(2),Y,https://jhsjk.people.cn/article/30560032
习近平：让大家心无旁骛投入创新事业中,Xi Jinping: Let Everyone Focus Wholeheartedly on Innovation,2019-01-18,Domestic,Government Officials,visit description,人工智能(2),N,https://jhsjk.people.cn/article/30576843
习近平在京津冀三省市考察并主持召开京津冀协同发展座谈会,"Xi Jinping Inspects the Three Provinces and Municipalities of Beijing, Tianjin and Hebei and Presides Over Beijing-Tianjin-Hebei Coordinated Development Symposium",2019-01-18,International,Other Heads of State / Foreign Leaders,meeting description,人工智能(2),Y,https://jhsjk.people.cn/article/30577658
习近平在天津考察,Xi Jinping Inspects Tianjin,2019-01-18,Domestic,Party/CCP Officials,visit description,人工智能(2),Y,https://jhsjk.people.cn/article/30576928
习近平：稳扎稳打勇于担当敢于创新善作善成 推动京津冀协同发展取得新的更大进展,"Xi Jinping: Make Steady Progress with Courage to Take Responsibility, Dare to Innovate, and Achieve Good Results, Promote Beijing-Tianjin-Hebei Coordinated Development to Achieve New and Greater Progress",2019-01-19,International,Other Heads of State / Foreign Leaders,speech transcript,人工智能(2),N,https://jhsjk.people.cn/article/30577832
习近平：提高防控能力着力防范化解重大风险 保持经济持续健康发展社会大局稳定,"Xi Jinping: Improve Prevention and Control Capabilities, Focus on Preventing and Resolving Major Risks, Maintain Sustained and Healthy Economic Development and Social Stability",2019-01-22,Domestic,Academia/Scientists,speech transcript,人工智能(2),N,https://jhsjk.people.cn/article/30582837
习近平：加快推动媒体融合发展 构建全媒体传播格局,"Xi Jinping: Accelerate Media Convergence Development, Build an All-Media Communication Pattern",2019-01-25,Domestic,Party/CCP Officials,speech transcript,人工智能(4); 算法(2),N,https://jhsjk.people.cn/article/30978511
习近平：推动媒体融合向纵深发展 巩固全党全国人民共同思想基础,"Xi Jinping: Promote In-Depth Media Convergence Development, Consolidate the Common Ideological Foundation of the Whole Party and the Whole Nation",2019-01-26,Domestic,Party/CCP Officials,speech transcript,人工智能(2),Y,https://jhsjk.people.cn/article/30591124
《求是》杂志发表习近平总书记重要文章 加快推动媒体融合发展 构建全媒体传播格局,"Qiushi Magazine Publishes Important Article by General Secretary Xi Jinping: Accelerate Media Convergence Development, Build an All-Media Communication Pattern",2019-03-16,Domestic,Party/CCP Officials,speech transcript,人工智能(2),N,https://jhsjk.people.cn/article/30978971
习近平：把稳方向突出实效全力攻坚 坚定不移推动落实重大改革举措,"Xi Jinping: Stabilize Direction, Highlight Effectiveness, Make Full Efforts to Attack, Unswervingly Promote the Implementation of Major Reform Measures",2019-03-20,Domestic,Academia/Scientists,speech transcript,人工智能(6),N,https://jhsjk.people.cn/article/30984406
习近平在中法全球治理论坛闭幕式上的讲话,Xi Jinping's Speech at the Closing Ceremony of the China-France Global Governance Forum,2019-03-26,International,Other Heads of State / Foreign Leaders,speech transcript,人工智能(2),N,https://jhsjk.people.cn/article/30997013
习近平会见德国总理默克尔,Xi Jinping Meets with German Chancellor Merkel,2019-03-27,International,Other Heads of State / Foreign Leaders,meeting description,人工智能(2),N,https://jhsjk.people.cn/article/30997019
习近平会见法国总理菲利普,Xi Jinping Meets with French Prime Minister Philippe,2019-03-27,International,Other Heads of State / Foreign Leaders,meeting description,人工智能(2),N,https://jhsjk.people.cn/article/30997121
习近平：为建设更加美好的地球家园贡献智慧和力量,Xi Jinping: Contribute Wisdom and Strength to Building a Better Earth Home,2019-03-27,International,Other Heads of State / Foreign Leaders,visit description,人工智能(2),N,https://jhsjk.people.cn/article/30998648
习近平向国际人工智能与教育大会致贺信,Xi Jinping's Congratulatory Letter to the International Conference on Artificial Intelligence and Education,2019-05-16,International,Business/Industry,letter,人工智能(19),N,https://jhsjk.people.cn/article/31088558
习近平：推动新一代人工智能健康发展 更好造福世界各国人民,Xi Jinping: Promote the Healthy Development of a New Generation of Artificial Intelligence to Better Benefit People Around the World,2019-05-16,International,Business/Industry,letter,人工智能(21); 深度学习(4),N,https://jhsjk.people.cn/article/31089210
习近平致信祝贺第三届世界智能大会开幕,Xi Jinping Sends Congratulatory Letter on the Opening of the Third World Intelligence Congress,2019-05-16,International,Business/Industry,letter,人工智能(14); 深度学习(2),Y,https://jhsjk.people.cn/article/31088562
习近平致第三届世界智能大会的贺信,Xi Jinping's Congratulatory Letter to the Third World Intelligence Congress,2019-05-16,International,Business/Industry,meeting description,人工智能(8); 深度学习(2),Y,https://jhsjk.people.cn/article/31088564
习近平向2019中国国际大数据产业博览会致贺信,Xi Jinping's Congratulatory Letter to the 2019 China International Big Data Industry Expo,2019-05-27,International,Government Officials,meeting description,人工智能(2),N,https://jhsjk.people.cn/article/31103672
习近平主席在上海合作组织成员国元首理事会第十九次会议上的讲话,President Xi Jinping's Speech at the 19th Meeting of the Council of Heads of State of the Shanghai Cooperation Organization,2019-06-14,International,Other Heads of State / Foreign Leaders,speech transcript,人工智能(2),N,https://jhsjk.people.cn/article/31144393
习近平出席上海合作组织成员国元首理事会第十九次会议并发表重要讲话,Xi Jinping Attends the 19th Meeting of the Council of Heads of State of the Shanghai Cooperation Organization and Delivers Important Speech,2019-06-15,International,Other Heads of State / Foreign Leaders,speech transcript,人工智能(2),N,https://jhsjk.people.cn/article/31153733
凝心聚力 务实笃行 共创上海合作组织美好明天,"Unite Efforts, Be Pragmatic and Determined, Create a Better Tomorrow for the Shanghai Cooperation Organization",2019-06-15,International,Other Heads of State / Foreign Leaders,meeting description,人工智能(2),Y,https://jhsjk.people.cn/article/31153738
习近平：紧密结合“不忘初心、牢记使命”主题教育 推动改革补短板强弱项激活力抓落实,"Xi Jinping: Closely Integrate with the ""Stay True to Our Founding Mission"" Theme Education, Promote Reform to Remedy Shortcomings, Strengthen Weaknesses, Stimulate Vitality and Ensure Implementation",2019-07-25,Domestic,Party/CCP Officials,speech transcript,人工智能(2),N,https://jhsjk.people.cn/article/31254473
习近平向2019中国国际智能产业博览会致贺信,Xi Jinping's Congratulatory Letter to the 2019 China International Intelligent Industry Expo,2019-08-27,International,Business/Industry,meeting description,人工智能(2),N,https://jhsjk.people.cn/article/31318577
习近平向第六届世界互联网大会致贺信,Xi Jinping's Congratulatory Letter to the Sixth World Internet Conference,2019-10-21,International,Business/Industry,letter,人工智能(2),N,https://jhsjk.people.cn/article/31410182
习近平向第83届国际电工委员会大会致贺信,Xi Jinping's Congratulatory Letter to the 83rd General Meeting of the International Electrotechnical Commission,2019-10-22,International,Business/Industry,letter,人工智能(2),N,https://jhsjk.people.cn/article/31412469
习近平：把区块链作为核心技术自主创新重要突破口  加快推动区块链技术和产业创新发展,"Xi Jinping: Make Blockchain a Major Breakthrough in Independent Innovation of Core Technologies, Accelerate the Promotion of Blockchain Technology and Industrial Innovation and Development",2019-10-26,Domestic,Academia/Scientists,speech transcript,人工智能(2),N,https://jhsjk.people.cn/article/31421707
习近平主席将出席第二届中国国际进口博览会,President Xi Jinping Will Attend the Second China International Import Expo,2019-10-30,International,Other Heads of State / Foreign Leaders,visit description,人工智能(2),N,https://jhsjk.people.cn/article/31427262
习近平致信祝贺甲骨文发现和研究一百二十周年强调 坚定文化自信 促进文明交流互鉴,"Xi Jinping Sends Congratulatory Letter on the 120th Anniversary of the Discovery and Research of Oracle Bone Inscriptions, Emphasizing: Strengthen Cultural Confidence, Promote Exchanges and Mutual Learning Among Civilizations",2019-11-01,Domestic,Academia/Scientists,speech transcript,人工智能(2),N,https://jhsjk.people.cn/article/31434378
习近平关于《中共中央关于坚持和完善中国特色社会主义制度 推进国家治理体系和治理能力现代化若干重大问题的决定》的说明,"Xi Jinping's Explanation on ""The Decision of the CPC Central Committee on Upholding and Improving the Socialist System with Chinese Characteristics and Advancing the Modernization of China's System and Capacity for Governance""",2019-11-06,Domestic,Party/CCP Officials,meeting description,人工智能(2),N,https://jhsjk.people.cn/article/31439569
习近平同法国总统马克龙会谈,Xi Jinping Holds Talks with French President Macron,2019-11-07,International,Other Heads of State / Foreign Leaders,meeting description,人工智能(2),N,https://jhsjk.people.cn/article/31441715
习近平会见南非总统拉马福萨,Xi Jinping Meets with South African President Ramaphosa,2019-11-16,International,Other Heads of State / Foreign Leaders,meeting description,人工智能(2),N,https://jhsjk.people.cn/article/31458584
习近平会见日本首相安倍晋三,Xi Jinping Meets with Japanese Prime Minister Shinzo Abe,2019-12-24,International,Other Heads of State / Foreign Leaders,meeting description,人工智能(2),N,https://jhsjk.people.cn/article/31519303
习近平：完善重大疫情防控体制机制 健全国家公共卫生应急管理体系,"Xi Jinping: Improve the System and Mechanism for Major Epidemic Prevention and Control, Improve the National Public Health Emergency Management System",2020-02-15,Domestic,Party/CCP Officials,speech transcript,人工智能(2),N,https://jhsjk.people.cn/article/31588184
习近平：全面提高依法防控依法治理能力 健全国家公共卫生应急管理体系,"Xi Jinping: Comprehensively Improve the Ability of Law-Based Prevention, Control and Governance, Improve the National Public Health Emergency Management System",2020-02-23,Domestic,Party/CCP Officials,speech transcript,人工智能(2),N,https://jhsjk.people.cn/article/31610816
习近平：为打赢疫情防控阻击战提供强大科技支撑,Xi Jinping: Provide Strong Scientific and Technological Support for Winning the Battle Against COVID-19,2020-03-02,Domestic,Academia/Scientists,speech transcript,人工智能(2),N,https://jhsjk.people.cn/article/31632573
习近平：协同推进新冠肺炎防控科研攻关 为打赢疫情防控阻击战提供科技支撑,"Xi Jinping: Coordinate and Promote COVID-19 Prevention and Control Scientific Research, Provide Scientific and Technological Support for Winning the Battle Against the Epidemic",2020-03-03,Domestic,Academia/Scientists,speech transcript,人工智能(2),Y,https://jhsjk.people.cn/article/31613556
习近平：运用信息化让城市变得更“聪明”,"Xi Jinping: Use Informatization to Make Cities More ""Smart""",2020-04-01,Domestic,Provincial/Municipal Officials & Citizens,visit description,人工智能(2),N,https://jhsjk.people.cn/article/31657432
习近平在浙江考察时强调 统筹推进疫情防控和经济社会发展工作 奋力实现今年经济社会发展目标任务,"Xi Jinping Emphasizes During Inspection in Zhejiang: Coordinate and Promote Epidemic Prevention and Control and Economic and Social Development Work, Strive to Achieve This Year's Economic and Social Development Goals and Tasks",2020-04-01,Domestic,Provincial/Municipal Officials & Citizens,visit description,人工智能(2),N,https://jhsjk.people.cn/article/31657786
习近平在浙江考察时强调：统筹推进疫情防控和经济社会发展工作 奋力实现今年经济社会发展目标任务,"Xi Jinping Emphasizes During Inspection in Zhejiang: Coordinate and Promote Epidemic Prevention and Control and Economic and Social Development Work, Strive to Achieve This Year's Economic and Social Development Goals and Tasks",2020-04-01,Domestic,Party/CCP Officials,visit description,人工智能(2),Y,https://jhsjk.people.cn/article/31658252
习近平：扎实做好“六稳”工作落实“六保”任务 奋力谱写陕西新时代追赶超越新篇章,"Xi Jinping: Do Solid Work on ""Six Stabilities"" and Implement ""Six Guarantees"" Tasks, Strive to Write a New Chapter of Catching Up and Surpassing in Shaanxi in the New Era",2020-04-24,Domestic,Party/CCP Officials,meeting description,人工智能(4),N,https://jhsjk.people.cn/article/31685908
中共中央政治局常务委员会召开会议 中共中央总书记习近平主持会议,"CPC Central Committee Political Bureau Standing Committee Holds Meeting, CPC Central Committee General Secretary Xi Jinping Presides Over the Meeting",2020-04-30,Domestic,Party/CCP Officials,meeting description,人工智能(2),N,https://jhsjk.people.cn/article/31693726
习近平同匈牙利总理欧尔班通电话,Xi Jinping Speaks with Hungarian Prime Minister Orbán by Telephone,2020-05-16,International,Other Heads of State / Foreign Leaders,meeting description,人工智能(2),N,https://jhsjk.people.cn/article/31711436
"习近平在扎实推进长三角一体化发展座谈会上强调
紧扣一体化和高质量抓好重点工作
推动长三角一体化发展不断取得成效","Xi Jinping Emphasizes at the Symposium on Solidly Promoting Yangtze River Delta Integration Development: Focus on Integration and High Quality to Do a Good Job in Key Work, Promote Yangtze River Delta Integration Development to Continuously Achieve Results",2020-08-23,International,Other Heads of State / Foreign Leaders,meeting description,人工智能(2),N,https://jhsjk.people.cn/article/31833092
习近平：在上海合作组织成员国元首理事会第二十次会议上的讲话,Xi Jinping: Speech at the 20th Meeting of the Council of Heads of State of the Shanghai Cooperation Organization,2020-11-10,International,Other Heads of State / Foreign Leaders,speech transcript,人工智能(2),N,https://jhsjk.people.cn/article/31926265
习近平出席上海合作组织成员国元首理事会第二十次会议并发表重要讲话,Xi Jinping Attends the 20th Meeting of the Council of Heads of State of the Shanghai Cooperation Organization and Delivers Important Speech,2020-11-11,International,Other Heads of State / Foreign Leaders,speech transcript,人工智能(2),Y,https://jhsjk.people.cn/article/31926258
习近平：在浦东开发开放30周年庆祝大会上的讲话,Xi Jinping: Speech at the Conference Celebrating the 30th Anniversary of Pudong Development and Opening-Up,2020-11-12,Domestic,Provincial/Municipal Officials & Citizens,speech transcript,人工智能(2),N,https://jhsjk.people.cn/article/31929134
浦东开发开放30周年庆祝大会隆重举行 习近平发表重要讲话,"Conference Celebrating the 30th Anniversary of Pudong Development and Opening-Up Held Grandly, Xi Jinping Delivers Important Speech",2020-11-13,Domestic,Provincial/Municipal Officials & Citizens,speech transcript,人工智能(2),Y,https://jhsjk.people.cn/article/31929319
坚定不移走中国特色社会主义法治道路 为全面建设社会主义现代化国家提供有力法治保障,"Unswervingly Follow the Path of Socialist Rule of Law with Chinese Characteristics, Provide Strong Rule of Law Guarantee for Comprehensively Building a Modern Socialist Country",2020-11-16,Domestic,Party/CCP Officials,speech transcript,人工智能(2),N,https://jhsjk.people.cn/article/32038656
习近平在二十国集团领导人第十五次峰会第一阶段会议上的讲话,Xi Jinping's Speech at the First Stage of the 15th G20 Leaders' Summit,2020-11-21,International,Other Heads of State / Foreign Leaders,speech transcript,人工智能(8),N,https://jhsjk.people.cn/article/31939549
习近平出席二十国集团领导人第十五次峰会第一阶段会议并发表重要讲话,Xi Jinping Attends the First Stage of the 15th G20 Leaders' Summit and Delivers Important Speech,2020-11-22,International,Other Heads of State / Foreign Leaders,speech transcript,人工智能(6),Y,https://jhsjk.people.cn/article/31939548
习近平在第十七届中国－东盟博览会和中国－东盟商务与投资峰会开幕式上的致辞（全文）,Xi Jinping's Address at the Opening Ceremony of the 17th China-ASEAN Expo and China-ASEAN Business and Investment Summit (Full Text),2020-11-27,International,Government Officials,speech transcript,人工智能(2),N,https://jhsjk.people.cn/article/31947121
习近平在第十七届中国－东盟博览会和中国－东盟商务与投资峰会开幕式上致辞,Xi Jinping's Address at the Opening Ceremony of the 17th China-ASEAN Expo and China-ASEAN Business and Investment Summit,2020-11-27,International,Business/Industry,speech transcript,人工智能(2),Y,https://jhsjk.people.cn/article/31947125
习近平在中央政治局第二十五次集体学习时强调 全面加强知识产权保护工作 激发创新活力推动构建新发展格局,"Xi Jinping Emphasizes at the 25th Collective Study Session of the CPC Central Committee Political Bureau: Comprehensively Strengthen Intellectual Property Protection, Stimulate Innovation Vitality and Promote the Construction of a New Development Pattern",2020-12-01,Domestic,Party/CCP Officials,speech transcript,人工智能(2),N,https://jhsjk.people.cn/article/31951382
全面加强知识产权保护工作 激发创新活力推动构建新发展格局,"Comprehensively Strengthen Intellectual Property Protection, Stimulate Innovation Vitality and Promote the Construction of a New Development Pattern",2020-12-02,Domestic,Party/CCP Officials,speech transcript,人工智能(2),Y,https://jhsjk.people.cn/article/31951686
坚定改革信心汇聚改革合力 推动新发展阶段改革取得更大突破,"Strengthen Reform Confidence, Pool Reform Forces, Promote New Development Stage Reform to Achieve Greater Breakthroughs",2020-12-31,Domestic,Party/CCP Officials,speech transcript,算法(2),N,https://jhsjk.people.cn/article/31984822
习近平在博鳌亚洲论坛2021年年会开幕式上的视频主旨演讲（全文）,Xi Jinping's Video Keynote Speech at the Opening Ceremony of the Boao Forum for Asia Annual Conference 2021 (Full Text),2021-01-01,International,Other Heads of State / Foreign Leaders,speech transcript,人工智能(2),N,https://jhsjk.people.cn/article/32082690
习近平：中国冰雪运动必须走科技创新之路,Xi Jinping: China's Ice and Snow Sports Must Take the Path of Scientific and Technological Innovation,2021-01-20,Domestic,Provincial/Municipal Officials & Citizens,visit description,人工智能(2),N,https://jhsjk.people.cn/article/32006220
习近平在清华大学考察时强调 坚持中国特色世界一流大学建设目标方向 为服务国家富强民族复兴人民幸福贡献力量,"Xi Jinping Emphasizes During Inspection at Tsinghua University: Adhere to the Goal and Direction of Building World-Class Universities with Chinese Characteristics, Contribute to National Prosperity, National Rejuvenation and People's Happiness",2021-04-19,Domestic,Academia/Scientists,visit description,人工智能(4),N,https://jhsjk.people.cn/article/32082039
同舟共济克时艰，命运与共创未来,"Overcome Difficulties Together in Times of Crisis, Share a Common Future to Create the Future",2021-04-20,International,Other Heads of State / Foreign Leaders,speech transcript,人工智能(2),N,https://jhsjk.people.cn/article/32083402
坚持中国特色世界一流大学建设目标方向 为服务国家富强民族复兴人民幸福贡献力量,"Adhere to the Goal and Direction of Building World-Class Universities with Chinese Characteristics, Contribute to National Prosperity, National Rejuvenation and People's Happiness",2021-04-20,International,Academia/Scientists,speech transcript,人工智能(4),Y,https://jhsjk.people.cn/article/32082334
习近平：在中国科学院第二十次院士大会、中国工程院第十五次院士大会、中国科协第十次全国代表大会上的讲话,"Xi Jinping: Speech at the 20th Academician Conference of the Chinese Academy of Sciences, the 15th Academician Conference of the Chinese Academy of Engineering, and the 10th National Congress of the China Association for Science and Technology",2021-05-28,Domestic,Academia/Scientists,speech transcript,人工智能(6),N,https://jhsjk.people.cn/article/32116542
在中国科学院第二十次院士大会、中国工程院第十五次院士大会、中国科协第十次全国代表大会上的讲话,"Speech at the 20th Academician Conference of the Chinese Academy of Sciences, the 15th Academician Conference of the Chinese Academy of Engineering, and the 10th National Congress of the China Association for Science and Technology",2021-05-29,Domestic,Academia/Scientists,speech transcript,人工智能(6),Y,https://jhsjk.people.cn/article/32116652
习近平同哈萨克斯坦总统托卡耶夫通电话,Xi Jinping Speaks with Kazakh President Tokayev by Telephone,2021-06-03,International,Other Heads of State / Foreign Leaders,phone call,人工智能(2),N,https://jhsjk.people.cn/article/32121023
习近平向中国－上海合作组织数字经济产业论坛、2021中国国际智能产业博览会致贺信,Xi Jinping's Congratulatory Letter to the China-Shanghai Cooperation Organization Digital Economy Industry Forum and 2021 China International Intelligent Industry Expo,2021-08-23,International,Business/Industry,letter,人工智能(2),Y,https://jhsjk.people.cn/article/32203693
习近平向中国—上海合作组织数字经济产业论坛、2021中国国际智能产业博览会致贺信,Xi Jinping's Congratulatory Letter to the China-Shanghai Cooperation Organization Digital Economy Industry Forum and 2021 China International Intelligent Industry Expo,2021-08-24,International,Business/Industry,letter,人工智能(2),N,https://jhsjk.people.cn/article/32204796
推动落实全球发展倡议、全球安全倡议、全球文明倡议、全球治理倡议,"Promote the Implementation of the Global Development Initiative, Global Security Initiative, Global Civilization Initiative, and Global Governance Initiative",2021-09-21,Domestic,Party/CCP Officials,speech transcript,人工智能(2),N,https://jhsjk.people.cn/article/40582822
在迪拜世博会中国馆的致辞,Address at the China Pavilion of the Dubai World Expo,2021-10-02,Domestic,Public/Citizens,speech transcript,人工智能(2),N,https://jhsjk.people.cn/article/32244836
习近平出席第二届联合国全球可持续交通大会开幕式并发表主旨讲话,Xi Jinping Attends the Opening Ceremony of the Second United Nations Global Sustainable Transport Conference and Delivers Keynote Speech,2021-10-15,International,Other Heads of State / Foreign Leaders,speech transcript,人工智能(2),N,https://jhsjk.people.cn/article/32254217
与世界相交 与时代相通 在可持续发展道路上阔步前行,"Engage with the World, Connect with the Times, Advance on the Path of Sustainable Development",2021-10-15,International,Government Officials,meeting description,人工智能(4),Y,https://jhsjk.people.cn/article/32254219
不断做强做优做大我国数字经济,"Continuously Strengthen, Optimize and Expand China's Digital Economy",2021-10-18,Domestic,Party/CCP Officials,speech transcript,人工智能(8),N,https://jhsjk.people.cn/article/32346871
把握数字经济发展趋势和规律 推动我国数字经济健康发展,"Grasp the Development Trends and Laws of the Digital Economy, Promote the Healthy Development of China's Digital Economy",2021-10-18,Domestic,Party/CCP Officials,speech transcript,人工智能(8),Y,https://jhsjk.people.cn/article/32258470
习近平在中共中央政治局第三十四次集体学习时强调 把握数字经济发展趋势和规律 推动我国数字经济健康发展,"Xi Jinping Emphasizes at the 34th Collective Study Session of the CPC Central Committee Political Bureau: Grasp the Development Trends and Laws of the Digital Economy, Promote the Healthy Development of China's Digital Economy",2021-10-19,Domestic,Party/CCP Officials,speech transcript,人工智能(6),Y,https://jhsjk.people.cn/article/32258262
"坚定创新自信紧抓创新机遇
加快实现高水平科技自立自强","Strengthen Innovation Confidence, Seize Innovation Opportunities, Accelerate the Achievement of High-Level Scientific and Technological Self-Reliance and Self-Strengthening",2021-10-27,Domestic,Party/CCP Officials,visit description,人工智能(2),N,https://jhsjk.people.cn/article/32265337
中共中央政治局召开会议 审议《国家安全战略（2021－2025年）》《军队功勋荣誉表彰条例》和《国家科技咨询委员会2021年咨询报告》 中共中央总书记习近平主持会议,"CPC Central Committee Political Bureau Holds Meeting to Review ""National Security Strategy (2021-2025)"", ""Military Merit and Honor Commendation Regulations"" and ""National Science and Technology Advisory Committee 2021 Advisory Report"", CPC Central Committee General Secretary Xi Jinping Presides Over the Meeting",2021-11-18,Domestic,Party/CCP Officials,speech transcript,人工智能(2),N,https://jhsjk.people.cn/article/32286177
中共中央政治局召开会议,CPC Central Committee Political Bureau Holds Meeting,2021-11-19,Domestic,Party/CCP Officials,meeting description,人工智能(2),N,https://jhsjk.people.cn/article/32286407
在中国文联十一大、中国作协十大开幕式上的讲话,Speech at the Opening Ceremony of the 11th China Federation of Literary and Art Circles Congress and the 10th China Writers Association Congress,2021-12-15,Domestic,Academia/Scientists,speech transcript,人工智能(2),N,https://jhsjk.people.cn/article/32308213
习近平在中国同中亚五国建交30周年视频峰会上的讲话（全文）,Xi Jinping's Speech at the Video Summit Commemorating the 30th Anniversary of Diplomatic Relations Between China and Central Asian Countries (Full Text),2022-01-25,International,Other Heads of State / Foreign Leaders,speech transcript,人工智能(2),N,https://jhsjk.people.cn/article/32339672
习近平主持中国同中亚五国建交30周年视频峰会 强调携手构建更加紧密的中国－中亚命运共同体,"Xi Jinping Presides Over Video Summit Commemorating the 30th Anniversary of Diplomatic Relations Between China and Central Asian Countries, Emphasizing: Work Together to Build a Closer China-Central Asia Community with a Shared Future",2022-01-25,International,Other Heads of State / Foreign Leaders,speech transcript,人工智能(2),Y,https://jhsjk.people.cn/article/32339661
"深入分析推进碳达峰碳中和工作面临的形势任务
扎扎实实把党中央决策部署落到实处","In-Depth Analysis of the Situation and Tasks Facing Carbon Peak and Carbon Neutrality Work, Steadily Implement Party Central Committee Decision-Making and Deployment",2022-01-26,Domestic,Party/CCP Officials,speech transcript,人工智能(2),N,https://jhsjk.people.cn/article/32339885
携手共命运  一起向未来,"Share a Common Destiny, Move Forward Together Toward the Future",2022-01-26,International,Other Heads of State / Foreign Leaders,speech transcript,人工智能(2),Y,https://jhsjk.people.cn/article/32339849
习近平主持中国同中亚五国建交30周年视频峰会,Xi Jinping Presides Over Video Summit Commemorating the 30th Anniversary of Diplomatic Relations Between China and Central Asian Countries,2022-01-26,International,Other Heads of State / Foreign Leaders,speech transcript,人工智能(2),Y,https://jhsjk.people.cn/article/32339844
习近平会见哈萨克斯坦总统托卡耶夫,Xi Jinping Meets with Kazakh President Tokayev,2022-02-05,International,Other Heads of State / Foreign Leaders,meeting description,人工智能(2),N,https://jhsjk.people.cn/article/32345801
习近平同俄罗斯总统普京会谈,Xi Jinping Holds Talks with Russian President Putin,2022-02-05,International,Other Heads of State / Foreign Leaders,meeting description,人工智能(2),N,https://jhsjk.people.cn/article/32345576
习近平：坚持走中国特色社会主义法治道路 更好推进中国特色社会主义法治体系建设,"Xi Jinping: Adhere to the Path of Socialist Rule of Law with Chinese Characteristics, Better Promote the Construction of the Socialist Rule of Law System with Chinese Characteristics",2022-02-15,Domestic,Party/CCP Officials,speech transcript,人工智能(2),N,https://jhsjk.people.cn/article/32352701
习近平同法国总统马克龙通电话,Xi Jinping Speaks with French President Macron by Telephone,2022-02-17,International,Other Heads of State / Foreign Leaders,phone call,人工智能(2),N,https://jhsjk.people.cn/article/32353712
习近平主持召开中央全面深化改革委员会第二十六次会议,Xi Jinping Presides Over the 26th Meeting of the Central Commission for Comprehensively Deepening Reform,2022-06-22,Domestic,Party/CCP Officials,meeting description,算法(2),Y,https://jhsjk.people.cn/article/32453706
加快构建数据基础制度 加强和改进行政区划工作,"Accelerate the Construction of a Data Foundation System, Strengthen and Improve Administrative Division Work",2022-06-23,Domestic,Party/CCP Officials,speech transcript,算法(2),N,https://jhsjk.people.cn/article/32454044
习近平在金砖国家领导人第十四次会晤上的讲话（全文）,Xi Jinping's Speech at the 14th BRICS Leaders' Meeting (Full Text),2022-06-23,International,Business/Industry,speech transcript,人工智能(2),N,https://jhsjk.people.cn/article/32454893
构建高质量伙伴关系  开启金砖合作新征程,"Build a High-Quality Partnership, Open a New Journey of BRICS Cooperation",2022-06-24,International,Business/Industry,meeting description,人工智能(2),Y,https://jhsjk.people.cn/article/32455215
习近平会见塔吉克斯坦总统拉赫蒙,Xi Jinping Meets with Tajik President Rahmon,2022-09-15,International,Other Heads of State / Foreign Leaders,meeting description,人工智能(2),N,https://jhsjk.people.cn/article/32526946
习近平对哈萨克斯坦共和国进行国事访问,Xi Jinping Pays State Visit to the Republic of Kazakhstan,2022-09-15,International,Other Heads of State / Foreign Leaders,visit description,人工智能(2),N,https://jhsjk.people.cn/article/32526565
习近平出席上海合作组织成员国元首理事会第二十二次会议并发表重要讲话,Xi Jinping Attends the 22nd Meeting of the Council of Heads of State of the Shanghai Cooperation Organization and Delivers Important Speech,2022-09-16,International,Other Heads of State / Foreign Leaders,speech transcript,人工智能(2),N,https://jhsjk.people.cn/article/32528078
习近平在上海合作组织成员国元首理事会第二十二次会议上的讲话（全文）,Xi Jinping's Speech at the 22nd Meeting of the Council of Heads of State of the Shanghai Cooperation Organization (Full Text),2022-09-16,International,Other Heads of State / Foreign Leaders,speech transcript,人工智能(2),Y,https://jhsjk.people.cn/article/32528054
把握时代潮流  加强团结合作  共创美好未来,"Grasp the Tide of the Times, Strengthen Unity and Cooperation, Create a Better Future Together",2022-09-17,International,Other Heads of State / Foreign Leaders,speech transcript,人工智能(2),Y,https://jhsjk.people.cn/article/32528166
"习近平：高举中国特色社会主义伟大旗帜 为全面建设社会主义现代化国家而
团结奋斗——在中国共产党第二十次全国代表大会上的报告","Xi Jinping: Hold High the Great Banner of Socialism with Chinese Characteristics, Unite and Struggle for Comprehensively Building a Modern Socialist Country — Report at the 20th National Congress of the Communist Party of China",2022-10-16,Domestic,Party/CCP Officials,speech transcript,人工智能(2),N,https://jhsjk.people.cn/article/32551583
高举中国特色社会主义伟大旗帜  为全面建设社会主义现代化国家而团结奋斗,"Hold High the Great Banner of Socialism with Chinese Characteristics, Unite and Struggle for Comprehensively Building a Modern Socialist Country",2022-10-26,Domestic,Party/CCP Officials,speech transcript,人工智能(2),Y,https://jhsjk.people.cn/article/32551700
习近平会见德国总理朔尔茨,Xi Jinping Meets with German Chancellor Scholz,2022-11-04,International,Other Heads of State / Foreign Leaders,meeting description,人工智能(2),Y,https://jhsjk.people.cn/article/32559174
习近平同欧洲理事会主席米歇尔举行会谈,Xi Jinping Holds Talks with European Council President Michel,2022-12-01,International,Party/CCP Officials,meeting description,人工智能(2),Y,https://jhsjk.people.cn/article/32578750
习近平在首届中国—阿拉伯国家峰会上提出中阿务实合作“八大共同行动”,"Xi Jinping Proposes ""Eight Major Common Actions"" for China-Arab Practical Cooperation at the First China-Arab States Summit",2022-12-10,International,Other Heads of State / Foreign Leaders,meeting description,人工智能(2),N,https://jhsjk.people.cn/article/32584636
习近平在首届中国－阿拉伯国家峰会上提出中阿务实合作“八大共同行动”,"Xi Jinping Proposes ""Eight Major Common Actions"" for China-Arab Practical Cooperation at the First China-Arab States Summit",2022-12-10,International,Other Heads of State / Foreign Leaders,meeting description,人工智能(2),Y,https://jhsjk.people.cn/article/32584520
中央经济工作会议在北京举行,Central Economic Work Conference Held in Beijing,2022-12-17,Domestic,Party/CCP Officials,meeting description,人工智能(2),N,https://jhsjk.people.cn/article/32588820
当前经济工作的几个重大问题,Several Major Issues in Current Economic Work,2023-02-15,Domestic,Party/CCP Officials,speech transcript,人工智能(2),N,https://jhsjk.people.cn/article/32624401
习近平同法国总统马克龙在广州非正式会晤,Xi Jinping and French President Macron Hold Informal Meeting in Guangzhou,2023-04-08,International,Other Heads of State / Foreign Leaders,meeting description,人工智能(2),N,https://jhsjk.people.cn/article/32659710
分析研究当前经济形势和经济工作,Analyze and Study Current Economic Situation and Economic Work,2023-04-29,Domestic,Party/CCP Officials,meeting description,人工智能(2),N,https://jhsjk.people.cn/article/32676259
加快建设以实体经济为支撑的现代化产业体系 以人口高质量发展支撑中国式现代化,"Accelerate the Construction of a Modern Industrial System Supported by the Real Economy, Support Chinese-Style Modernization with High-Quality Population Development",2023-05-06,Domestic,Party/CCP Officials,speech transcript,人工智能(4),N,https://jhsjk.people.cn/article/32679764
加快推进国家安全体系和能力现代化 以新安全格局保障新发展格局,"Accelerate the Modernization of National Security System and Capabilities, Guarantee the New Development Pattern with a New Security Pattern",2023-05-31,Domestic,Party/CCP Officials,speech transcript,人工智能(4),Y,https://jhsjk.people.cn/article/40002769
在全国生态环境保护大会上的讲话,Speech at the National Ecological and Environmental Protection Conference,2023-07-17,Domestic,Party/CCP Officials,speech transcript,人工智能(2),Y,https://jhsjk.people.cn/article/40533906
习近平在全国生态环境保护大会上强调 全面推进美丽中国建设 加快推进人与自然和谐共生的现代化,"Xi Jinping Emphasizes at the National Ecological and Environmental Protection Conference: Comprehensively Promote the Construction of Beautiful China, Accelerate the Promotion of Harmonious Coexistence Between Humans and Nature Modernization",2023-07-18,Domestic,Government Officials,speech transcript,人工智能(2),Y,https://jhsjk.people.cn/article/40038459
全面推进美丽中国建设  加快推进人与自然和谐共生的现代化,"Comprehensively Promote the Construction of Beautiful China, Accelerate the Promotion of Harmonious Coexistence Between Humans and Nature Modernization",2023-07-19,Domestic,Government Officials,speech transcript,人工智能(4),N,https://jhsjk.people.cn/article/40038622
中共中央召开党外人士座谈会,CPC Central Committee Holds Symposium with Representatives of Non-CPC Personages,2023-07-25,Domestic,Government Officials,meeting description,人工智能(2),N,https://jhsjk.people.cn/article/40042817
团结协作谋发展  勇于担当促和平,"Unite and Cooperate for Development, Be Brave to Take Responsibility and Promote Peace",2023-08-24,International,Other Heads of State / Foreign Leaders,meeting description,人工智能(10); 人工智能治理(2),N,https://jhsjk.people.cn/article/40062888
习近平出席金砖国家领导人第十五次会晤并发表重要讲话,Xi Jinping Attends the 15th BRICS Leaders' Meeting and Delivers Important Speech,2023-08-24,International,Other Heads of State / Foreign Leaders,speech transcript,人工智能(4),N,https://jhsjk.people.cn/article/40062882
习近平向2023中国国际智能产业博览会致贺信,Xi Jinping's Congratulatory Letter to the 2023 China International Intelligent Industry Expo,2023-09-05,International,Business/Industry,letter,人工智能(2),N,https://jhsjk.people.cn/article/40070722
习近平出席第三届“一带一路”国际合作高峰论坛开幕式并发表主旨演讲,Xi Jinping Attends the Opening Ceremony of the Third Belt and Road Forum for International Cooperation and Delivers Keynote Speech,2023-10-19,International,Other Heads of State / Foreign Leaders,speech transcript,人工智能(4); 人工智能治理(2),N,https://jhsjk.people.cn/article/40098611
建设开放包容、互联互通、共同发展的世界,"Build an Open, Inclusive, Interconnected and Jointly Developed World",2023-10-19,International,Other Heads of State / Foreign Leaders,speech transcript,人工智能(4); 人工智能治理(2),Y,https://jhsjk.people.cn/article/40098617
全面推进美丽中国建设 健全自然垄断环节监管体制机制,"Comprehensively Promote the Construction of Beautiful China, Improve the Regulatory System and Mechanism for Natural Monopoly Links",2023-11-08,Domestic,Party/CCP Officials,meeting description,算法(2),N,https://jhsjk.people.cn/article/40113429
习近平向2023年世界互联网大会乌镇峰会开幕式发表视频致辞,Xi Jinping Delivers Video Address to the Opening Ceremony of the 2023 World Internet Conference Wuzhen Summit,2023-11-09,International,Public/Citizens,speech transcript,人工智能(8); 人工智能治理(4),N,https://jhsjk.people.cn/article/40114401
习近平在美国友好团体联合欢迎宴会上的演讲（全文）,Xi Jinping's Speech at the Welcome Dinner by US Friendship Groups (Full Text),2023-11-15,International,Other Heads of State / Foreign Leaders,meeting description,人工智能(2),N,https://jhsjk.people.cn/article/40119780
习近平同美国总统拜登举行中美元首会晤,Xi Jinping Holds China-US Presidential Meeting with US President Biden,2023-11-16,International,Other Heads of State / Foreign Leaders,meeting description,人工智能(8),N,https://jhsjk.people.cn/article/40119633
汇聚两国人民力量  推进中美友好事业,"Pool the Strength of the Two Peoples, Advance the Cause of China-US Friendship",2023-11-17,International,Other Heads of State / Foreign Leaders,meeting description,人工智能(2),Y,https://jhsjk.people.cn/article/40120147
习近平出席美国友好团体联合欢迎宴会并发表演讲,Xi Jinping Attends Welcome Dinner by US Friendship Groups and Delivers Speech,2023-11-17,International,Other Heads of State / Foreign Leaders,speech transcript,人工智能(2),Y,https://jhsjk.people.cn/article/40120144
习近平出席亚太经合组织第三十次领导人非正式会议并发表重要讲话,Xi Jinping Attends the 30th APEC Economic Leaders' Informal Meeting and Delivers Important Speech,2023-11-19,International,Other Heads of State / Foreign Leaders,speech transcript,人工智能(2),N,https://jhsjk.people.cn/article/40121284
聚焦建设“五个中心”重要使命 加快建成社会主义现代化国际大都市,"Focus on the Important Mission of Building ""Five Centers"", Accelerate the Construction of a Socialist Modern International Metropolis",2023-12-04,Domestic,Government Officials,visit description,人工智能(2),N,https://jhsjk.people.cn/article/40131030
习近平会见欧洲理事会主席米歇尔和欧盟委员会主席冯德莱恩,Xi Jinping Meets with European Council President Michel and European Commission President von der Leyen,2023-12-08,International,Other Heads of State / Foreign Leaders,meeting description,人工智能(4),N,https://jhsjk.people.cn/article/40134412
以美丽中国建设全面推进人与自然和谐共生的现代化,Comprehensively Promote the Modernization of Harmonious Coexistence Between Humans and Nature with the Construction of Beautiful China,2023-12-31,Domestic,Government Officials,speech transcript,人工智能(2),N,https://jhsjk.people.cn/article/40150210
强化使命担当  深化改革创新 全面提升新兴领域战略能力,"Strengthen Mission and Responsibility, Deepen Reform and Innovation, Comprehensively Enhance Strategic Capabilities in Emerging Fields",2024-03-08,Domestic,Party/CCP Officials,speech transcript,人工智能(2),N,https://jhsjk.people.cn/article/40191432
习近平会见美国工商界和战略学术界代表,"Xi Jinping Meets with Representatives from US Business, Strategic and Academic Communities",2024-03-28,International,Business/Industry,meeting description,人工智能(4),N,https://jhsjk.people.cn/article/40205253
习近平会见荷兰首相吕特,Xi Jinping Meets with Dutch Prime Minister Rutte,2024-03-28,International,Other Heads of State / Foreign Leaders,meeting description,人工智能(2),N,https://jhsjk.people.cn/article/40205254
习近平同美国总统拜登通电话,Xi Jinping Speaks with US President Biden by Telephone,2024-04-03,International,Other Heads of State / Foreign Leaders,phone call,人工智能(2),N,https://jhsjk.people.cn/article/40209012
习近平会见美国国务卿布林肯,Xi Jinping Meets with US Secretary of State Blinken,2024-04-27,International,Other Heads of State / Foreign Leaders,meeting description,人工智能(2),N,https://jhsjk.people.cn/article/40225048
习近平同法国总统马克龙共同会见记者,Xi Jinping and French President Macron Meet the Press Together,2024-05-07,International,Other Heads of State / Foreign Leaders,meeting description,人工智能(4),N,https://jhsjk.people.cn/article/40230760
同法国总统马克龙共见记者时的讲话,Speech When Meeting the Press Together with French President Macron,2024-05-07,International,Other Heads of State / Foreign Leaders,speech transcript,人工智能(4),Y,https://jhsjk.people.cn/article/40230766
习近平同塞尔维亚总统武契奇举行会谈,Xi Jinping Holds Talks with Serbian President Vučić,2024-05-09,International,Other Heads of State / Foreign Leaders,meeting description,人工智能(6),N,https://jhsjk.people.cn/article/40231852
携手引领中匈关系驶入“黄金航道”,"Lead China-Hungary Relations into the ""Golden Waterway"" Hand in Hand",2024-05-09,International,Other Heads of State / Foreign Leaders,letter,人工智能(2),N,https://jhsjk.people.cn/article/40231861
习近平同匈牙利总理欧尔班举行会谈,Xi Jinping Holds Talks with Hungarian Prime Minister Orbán,2024-05-10,International,Other Heads of State / Foreign Leaders,meeting description,人工智能(2),N,https://jhsjk.people.cn/article/40232684
习近平同埃及总统塞西会谈,Xi Jinping Holds Talks with Egyptian President Sisi,2024-05-30,International,Other Heads of State / Foreign Leaders,meeting description,人工智能(2),N,https://jhsjk.people.cn/article/40246568
习近平同阿联酋总统穆罕默德会谈,Xi Jinping Holds Talks with UAE President Mohamed,2024-05-31,International,Other Heads of State / Foreign Leaders,meeting description,人工智能(2),N,https://jhsjk.people.cn/article/40247426
深化合作，继往开来推动中阿命运共同体建设跑出加速度,"Deepen Cooperation, Continue to Build on the Past and Advance the Building of the China-Arab Community with a Shared Future at an Accelerated Pace",2024-05-31,International,Other Heads of State / Foreign Leaders,meeting description,人工智能(10); 人工智能治理(2),N,https://jhsjk.people.cn/article/40247627
坚守初心使命发挥自身优势 为建设教育强国科技强国作出新的贡献,"Uphold the Original Mission, Leverage Own Advantages, Make New Contributions to Building a Strong Country in Education and Science and Technology",2024-06-11,Domestic,Academia/Scientists,letter,人工智能(2),N,https://jhsjk.people.cn/article/40255473
习近平向联合国贸易和发展会议成立60周年庆祝活动开幕式发表视频致辞,Xi Jinping Delivers Video Address to the Opening Ceremony of the 60th Anniversary Celebration of the United Nations Conference on Trade and Development,2024-06-13,International,Public/Citizens,speech transcript,人工智能(2),N,https://jhsjk.people.cn/article/40255472
习近平向2024世界智能产业博览会致贺信,Xi Jinping's Congratulatory Letter to the 2024 World Intelligent Industry Expo,2024-06-21,International,Government Officials,letter,人工智能(10),N,https://jhsjk.people.cn/article/40261151
在全国科技大会、国家科学技术奖励大会、两院院士大会上的讲话,"Speech at the National Science and Technology Conference, National Science and Technology Award Conference, and Academician Conference of the Two Academies",2024-06-25,Domestic,Academia/Scientists,speech transcript,人工智能(6),N,https://jhsjk.people.cn/article/40263599
习近平同秘鲁总统博鲁阿尔特会谈,Xi Jinping Holds Talks with Peruvian President Boluarte,2024-06-29,International,Other Heads of State / Foreign Leaders,meeting description,人工智能(2),N,https://jhsjk.people.cn/article/40266924
中华人民共和国和哈萨克斯坦共和国联合声明,Joint Statement Between the People's Republic of China and the Republic of Kazakhstan,2024-07-02,International,Other Heads of State / Foreign Leaders,meeting description,人工智能(4); 人工智能治理(2),N,https://jhsjk.people.cn/article/40270460
同心笃行  续写中哈关系新篇章,Work Together with One Heart to Write a New Chapter in China-Kazakhstan Relations,2024-07-03,International,Other Heads of State / Foreign Leaders,letter,人工智能(2),N,https://jhsjk.people.cn/article/40269537
习近平会见联合国秘书长古特雷斯,Xi Jinping Meets with UN Secretary-General Guterres,2024-07-05,International,Other Heads of State / Foreign Leaders,meeting description,人工智能(4),N,https://jhsjk.people.cn/article/40271408
习近平同塔吉克斯坦总统拉赫蒙举行会谈,Xi Jinping Holds Talks with Tajik President Rahmon,2024-07-06,International,Other Heads of State / Foreign Leaders,meeting description,人工智能(2),N,https://jhsjk.people.cn/article/40272235
习近平同塔吉克斯坦总统拉赫蒙共同会见记者,Xi Jinping and Tajik President Rahmon Meet the Press Together,2024-07-06,International,Other Heads of State / Foreign Leaders,meeting description,人工智能(2),N,https://jhsjk.people.cn/article/40272240
关于《中共中央关于进一步全面深化改革、推进中国式现代化的决定》的说明,"Explanation on ""The Decision of the CPC Central Committee on Further Comprehensively Deepening Reform and Advancing Chinese-Style Modernization""",2024-07-22,Domestic,Government Officials,meeting description,人工智能(2),N,https://jhsjk.people.cn/article/40282391
习近平会见意大利总理梅洛尼,Xi Jinping Meets with Italian Prime Minister Meloni,2024-07-29,International,Other Heads of State / Foreign Leaders,meeting description,人工智能(4),N,https://jhsjk.people.cn/article/40288175
习近平同英国首相斯塔默通电话,Xi Jinping Speaks with British Prime Minister Starmer by Telephone,2024-08-24,International,Other Heads of State / Foreign Leaders,phone call,人工智能(2),N,https://jhsjk.people.cn/article/40305198
习近平同南非总统拉马福萨会谈,Xi Jinping Holds Talks with South African President Ramaphosa,2024-09-03,International,Other Heads of State / Foreign Leaders,meeting description,人工智能(2),N,https://jhsjk.people.cn/article/40311599
习近平分别会见出席中非合作论坛北京峰会的部分非洲国家领导人和国际组织负责人,Xi Jinping Meets with Some African Heads of State and International Organization Leaders Attending the FOCAC Beijing Summit,2024-09-06,International,Other Heads of State / Foreign Leaders,meeting description,人工智能(4); 人工智能治理(4),N,https://jhsjk.people.cn/article/40314366
习近平会见挪威首相斯特勒,Xi Jinping Meets with Norwegian Prime Minister Støre,2024-09-10,International,Other Heads of State / Foreign Leaders,meeting description,人工智能(2),N,https://jhsjk.people.cn/article/40316713
习近平会见西班牙首相桑切斯,Xi Jinping Meets with Spanish Prime Minister Sánchez,2024-09-10,International,Other Heads of State / Foreign Leaders,meeting description,人工智能(2),N,https://jhsjk.people.cn/article/40316714
发挥多重国家发展战略叠加优势 奋力谱写中国式现代化安徽篇章,"Leverage Multiple National Development Strategy Synergies, Strive to Write the Anhui Chapter of Chinese-Style Modernization",2024-10-19,Domestic,Government Officials,visit description,人工智能(2),N,https://jhsjk.people.cn/article/40342644
习近平出席金砖国家领导人第十六次会晤并发表重要讲话,Xi Jinping Attends the 16th BRICS Leaders' Meeting and Delivers Important Speech,2024-10-24,International,Other Heads of State / Foreign Leaders,speech transcript,人工智能(8),N,https://jhsjk.people.cn/article/40345956
登高望远，穿云破雾  推动“大金砖合作”高质量发展,"Look High and Far, Break Through Clouds and Fog, Promote High-Quality Development of ""Greater BRICS Cooperation""",2024-10-24,International,Other Heads of State / Foreign Leaders,speech transcript,人工智能(4),N,https://jhsjk.people.cn/article/40345962
汇聚“全球南方”磅礴力量  共同推动构建人类命运共同体,"Pool the Powerful Force of the ""Global South"", Jointly Promote the Building of a Community with a Shared Future for Mankind",2024-10-25,International,Other Heads of State / Foreign Leaders,meeting description,人工智能(2),Y,https://jhsjk.people.cn/article/40346947
习近平出席“金砖+”领导人对话会并发表重要讲话,"Xi Jinping Attends the ""BRICS Plus"" Leaders' Dialogue and Delivers Important Speech",2024-10-25,International,Other Heads of State / Foreign Leaders,speech transcript,人工智能(4),Y,https://jhsjk.people.cn/article/40346925
习近平同芬兰总统斯图布会谈,Xi Jinping Holds Talks with Finnish President Stubb,2024-10-30,International,Other Heads of State / Foreign Leaders,meeting description,人工智能(4); 人工智能治理(2),N,https://jhsjk.people.cn/article/40350042
习近平会见马来西亚总理安瓦尔,Xi Jinping Meets with Malaysian Prime Minister Anwar,2024-11-08,International,Other Heads of State / Foreign Leaders,meeting description,人工智能(2),N,https://jhsjk.people.cn/article/40356719
把握时代大势  共促世界繁荣,"Grasp the Trends of the Times, Jointly Promote World Prosperity",2024-11-15,International,Business/Industry,speech transcript,人工智能(2),N,https://jhsjk.people.cn/article/40362867
习近平同秘鲁总统博鲁阿尔特举行会谈,Xi Jinping Holds Talks with Peruvian President Boluarte,2024-11-16,International,Other Heads of State / Foreign Leaders,meeting description,人工智能(2),N,https://jhsjk.people.cn/article/40362461
习近平会见泰国总理佩通坦,Xi Jinping Meets with Thai Prime Minister Paetongtarn,2024-11-17,International,Other Heads of State / Foreign Leaders,meeting description,人工智能(2),N,https://jhsjk.people.cn/article/40362862
习近平会见新加坡总理黄循财,Xi Jinping Meets with Singaporean Prime Minister Lawrence Wong,2024-11-17,International,Other Heads of State / Foreign Leaders,meeting description,人工智能(2),N,https://jhsjk.people.cn/article/40362863
习近平同美国总统拜登在利马举行会晤,Xi Jinping Holds Meeting with US President Biden in Lima,2024-11-18,International,Other Heads of State / Foreign Leaders,meeting description,人工智能(12); 人工智能治理(2),N,https://jhsjk.people.cn/article/40363492
共担时代责任  共促亚太发展,"Share the Responsibilities of the Times, Promote Asia-Pacific Development Together",2024-11-18,International,Other Heads of State / Foreign Leaders,meeting description,人工智能(4),N,https://jhsjk.people.cn/article/40363497
习近平出席亚太经合组织第三十一次领导人非正式会议并发表重要讲话,Xi Jinping Attends the 31st APEC Economic Leaders' Informal Meeting and Delivers Important Speech,2024-11-18,International,Other Heads of State / Foreign Leaders,speech transcript,人工智能(2),N,https://jhsjk.people.cn/article/40363490
习近平会见英国首相斯塔默,Xi Jinping Meets with British Prime Minister Starmer,2024-11-19,International,Other Heads of State / Foreign Leaders,meeting description,人工智能(2),N,https://jhsjk.people.cn/article/40364393
携手构建公正合理的全球治理体系,Work Together to Build a Just and Reasonable Global Governance System,2024-11-20,International,Other Heads of State / Foreign Leaders,speech transcript,人工智能(14),N,https://jhsjk.people.cn/article/40365369
习近平继续出席二十国集团领导人第十九次峰会,Xi Jinping Continues to Attend the 19th G20 Leaders' Summit,2024-11-20,International,Other Heads of State / Foreign Leaders,speech transcript,人工智能(6),Y,https://jhsjk.people.cn/article/40365335
习近平会见法国总统马克龙,Xi Jinping Meets with French President Macron,2024-11-21,International,Other Heads of State / Foreign Leaders,meeting description,人工智能(2),N,https://jhsjk.people.cn/article/40366216
习近平同巴西总统卢拉举行会谈,Xi Jinping Holds Talks with Brazilian President Lula,2024-11-22,International,Other Heads of State / Foreign Leaders,meeting description,人工智能(4); 人工智能治理(2),N,https://jhsjk.people.cn/article/40367157
习近平同巴西总统卢拉共见记者,Xi Jinping and Brazilian President Lula Meet the Press Together,2024-11-22,International,Other Heads of State / Foreign Leaders,meeting description,人工智能(2),N,https://jhsjk.people.cn/article/40367159
习近平会见主要国际经济组织负责人,Xi Jinping Meets with Heads of Major International Economic Organizations,2024-12-11,International,Government Officials,meeting description,人工智能(2),N,https://jhsjk.people.cn/article/40379746
庆祝澳门回归祖国25周年文艺晚会在澳门举行,Gala Celebrating the 25th Anniversary of Macao's Return to the Motherland Held in Macao,2024-12-20,Domestic,Party/CCP Officials,other,AI(2),N,https://jhsjk.people.cn/article/40385961
国家主席习近平发表二〇二五年新年贺词,President Xi Jinping Delivers 2025 New Year Address,2025-01-01,Domestic,Public/Citizens,speech transcript,人工智能(2),N,https://jhsjk.people.cn/article/40393508
习近平同吉尔吉斯斯坦总统扎帕罗夫会谈,Xi Jinping Holds Talks with Kyrgyz President Japarov,2025-02-06,International,Other Heads of State / Foreign Leaders,meeting description,人工智能(2),N,https://jhsjk.people.cn/article/40413183
习近平同文莱苏丹哈桑纳尔会谈,Xi Jinping Holds Talks with Sultan of Brunei Hassanal Bolkiah,2025-02-07,Domestic,Business/Industry,meeting description,人工智能(2),N,https://jhsjk.people.cn/article/40413868
经济工作必须统筹好几对重要关系,Economic Work Must Coordinate Several Important Relationships Well,2025-02-28,Domestic,Party/CCP Officials,speech transcript,人工智能(2),N,https://jhsjk.people.cn/article/40428406
坚定不移贯彻总体国家安全观  把平安中国建设推向更高水平,"Unswervingly Implement the Overall National Security Outlook, Promote the Construction of Peaceful China to a Higher Level",2025-03-02,Domestic,Party/CCP Officials,speech transcript,人工智能(4),N,https://jhsjk.people.cn/article/40428850
习近平同越共中央总书记苏林举行会谈,Xi Jinping Holds Talks with Vietnamese Communist Party General Secretary To Lam,2025-04-15,Domestic,Other Heads of State / Foreign Leaders,meeting description,人工智能(4),N,https://jhsjk.people.cn/article/40459926
习近平会见越南总理范明政,Xi Jinping Meets with Vietnamese Prime Minister Pham Minh Chinh,2025-04-15,International,Other Heads of State / Foreign Leaders,meeting description,人工智能(2),N,https://jhsjk.people.cn/article/40459929
加快建设文化强国,Accelerate the Construction of a Culturally Strong Country,2025-04-15,Domestic,Party/CCP Officials,speech transcript,人工智能(2); 生成式人工智能(2),N,https://jhsjk.people.cn/article/40460460
习近平会见越南国家主席梁强,Xi Jinping Meets with Vietnamese President Luong Cuong,2025-04-16,Domestic,Other Heads of State / Foreign Leaders,meeting description,人工智能(2),N,https://jhsjk.people.cn/article/40460870
习近平会见马来西亚最高元首易卜拉欣,Xi Jinping Meets with Yang di-Pertuan Agong of Malaysia Ibrahim,2025-04-17,International,Other Heads of State / Foreign Leaders,meeting description,人工智能(2),N,https://jhsjk.people.cn/article/40461953
习近平同马来西亚总理安瓦尔举行会谈,Xi Jinping Holds Talks with Malaysian Prime Minister Anwar,2025-04-17,International,Other Heads of State / Foreign Leaders,meeting description,人工智能(6),N,https://jhsjk.people.cn/article/40461954
习近平同柬埔寨首相洪玛奈举行会谈,Xi Jinping Holds Talks with Cambodian Prime Minister Hun Manet,2025-04-18,International,Other Heads of State / Foreign Leaders,meeting description,人工智能(2),N,https://jhsjk.people.cn/article/40462782
坚持自立自强 突出应用导向 推动人工智能健康有序发展,"Adhere to Self-Reliance and Self-Strengthening, Highlight Application Orientation, Promote the Healthy and Orderly Development of Artificial Intelligence",2025-04-27,Domestic,Party/CCP Officials,speech transcript,人工智能(67),N,https://jhsjk.people.cn/article/40468944
加快建成具有全球影响力的科技创新高地,Accelerate the Construction of a Scientific and Technological Innovation Highland with Global Influence,2025-04-30,Domestic,Academia/Scientists,visit description,人工智能(32),N,https://jhsjk.people.cn/article/40471204
习近平将出席中国—拉美和加勒比国家共同体论坛第四届部长级会议开幕式并发表重要讲话,Xi Jinping Will Attend the Opening Ceremony of the Fourth Ministerial Meeting of the China-CELAC Forum and Deliver Important Speech,2025-05-12,International,Other Heads of State / Foreign Leaders,speech transcript,人工智能(2),N,https://jhsjk.people.cn/article/40477710
谱写构建中拉命运共同体新篇章,Write a New Chapter in Building the China-Latin America and Caribbean Community with a Shared Future,2025-05-13,International,Other Heads of State / Foreign Leaders,speech transcript,人工智能(2),N,https://jhsjk.people.cn/article/40479297
习近平同巴西总统卢拉会谈,Xi Jinping Holds Talks with Brazilian President Lula,2025-05-14,International,Other Heads of State / Foreign Leaders,meeting description,人工智能(2),N,https://jhsjk.people.cn/article/40479283
习近平会见哥伦比亚总统佩特罗,Xi Jinping Meets with Colombian President Petro,2025-05-15,International,Other Heads of State / Foreign Leaders,meeting description,人工智能(4),N,https://jhsjk.people.cn/article/40480106
习近平会见智利总统博里奇,Xi Jinping Meets with Chilean President Boric,2025-05-15,International,Other Heads of State / Foreign Leaders,meeting description,人工智能(4),N,https://jhsjk.people.cn/article/40480107
习近平同德国总理默茨通电话,Xi Jinping Speaks with German Chancellor Merz by Telephone,2025-05-24,International,Other Heads of State / Foreign Leaders,phone call,人工智能(2),N,https://jhsjk.people.cn/article/40486725
习近平同刚果（布）总统萨苏分别向中非合作论坛成果落实协调人部长级会议致贺信,Xi Jinping and Republic of the Congo President Sassou Send Congratulatory Letters to the FOCAC Follow-up Action Coordination Ministerial Meeting,2025-06-12,International,Other Heads of State / Foreign Leaders,meeting description,人工智能(2),N,https://jhsjk.people.cn/article/40498910
弘扬“中国—中亚精神”  推动地区合作高质量发展,"Carry Forward the ""China-Central Asia Spirit"", Promote High-Quality Development of Regional Cooperation",2025-06-17,International,Other Heads of State / Foreign Leaders,speech transcript,人工智能(4),N,https://jhsjk.people.cn/article/40503131
习近平会见吉尔吉斯斯坦总统扎帕罗夫,Xi Jinping Meets with Kyrgyz President Japarov,2025-06-18,International,Other Heads of State / Foreign Leaders,meeting description,人工智能(2),N,https://jhsjk.people.cn/article/40503121
习近平会见乌兹别克斯坦总统米尔济约耶夫,Xi Jinping Meets with Uzbek President Mirziyoyev,2025-06-18,International,Other Heads of State / Foreign Leaders,meeting description,人工智能(2),N,https://jhsjk.people.cn/article/40503124
“和睦与团结就是幸福与财富”,"""Harmony and Unity are Happiness and Wealth""",2025-06-20,International,Other Heads of State / Foreign Leaders,meeting description,人工智能(6),N,https://jhsjk.people.cn/article/40504986
习近平会见欧洲理事会主席科斯塔、欧盟委员会主席冯德莱恩,Xi Jinping Meets with European Council President Costa and European Commission President von der Leyen,2025-07-25,International,Business/Industry,meeting description,人工智能(2),N,https://jhsjk.people.cn/article/40529302
习近平会见尼泊尔总理奥利,Xi Jinping Meets with Nepalese Prime Minister Oli,2025-08-31,International,Other Heads of State / Foreign Leaders,meeting description,人工智能(2),N,https://jhsjk.people.cn/article/40553410
习近平会见阿塞拜疆总统阿利耶夫,Xi Jinping Meets with Azerbaijani President Aliyev,2025-09-01,International,Other Heads of State / Foreign Leaders,meeting description,人工智能(4),N,https://jhsjk.people.cn/article/40553982
习近平主持上海合作组织成员国元首理事会第二十五次会议并发表重要讲话,Xi Jinping Presides Over the 25th Meeting of the Council of Heads of State of the Shanghai Cooperation Organization and Delivers Important Speech,2025-09-02,International,Other Heads of State / Foreign Leaders,meeting description,人工智能(2),N,https://jhsjk.people.cn/article/40555201
牢记初心使命  开创美好未来,"Remember the Original Mission, Create a Better Future",2025-09-02,International,Other Heads of State / Foreign Leaders,speech transcript,人工智能(2),N,https://jhsjk.people.cn/article/40555207
凝聚上合力量  完善全球治理,"Pool SCO Strength, Improve Global Governance",2025-09-02,International,Other Heads of State / Foreign Leaders,speech transcript,人工智能(4),N,https://jhsjk.people.cn/article/40555208
习近平会见印度尼西亚总统普拉博沃,Xi Jinping Meets with Indonesian President Prabowo,2025-09-04,International,Other Heads of State / Foreign Leaders,meeting description,人工智能(2),N,https://jhsjk.people.cn/article/40556643
习近平会见古巴共产党中央委员会第一书记、古巴国家主席迪亚斯—卡内尔,Xi Jinping Meets with First Secretary of the Central Committee of the Communist Party of Cuba and President of Cuba Díaz-Canel,2025-09-05,International,Other Heads of State / Foreign Leaders,meeting description,人工智能(2),N,https://jhsjk.people.cn/article/40557406
习近平会见刚果（布）总统萨苏,Xi Jinping Meets with Republic of the Congo President Sassou,2025-09-05,International,Other Heads of State / Foreign Leaders,meeting description,人工智能(2),N,https://jhsjk.people.cn/article/40557408
习近平会见塞尔维亚总统武契奇,Xi Jinping Meets with Serbian President Vučić,2025-09-05,International,Other Heads of State / Foreign Leaders,meeting description,人工智能(2),N,https://jhsjk.people.cn/article/40557409
习近平向2025世界智能产业博览会致贺信,Xi Jinping's Congratulatory Letter to the 2025 World Intelligent Industry Expo,2025-09-06,International,Government Officials,letter,人工智能(12),N,https://jhsjk.people.cn/article/40558170
习近平同美国总统特朗普在釜山举行会晤,Xi Jinping Holds Meeting with US President Trump in Busan,2025-10-31,International,Other Heads of State / Foreign Leaders,meeting description,人工智能(2),N,https://jhsjk.people.cn/article/40593714
发挥亚太引领作用  共促世界发展繁荣,"Play the Leading Role of the Asia-Pacific, Jointly Promote World Development and Prosperity",2025-11-01,International,Business/Industry,meeting description,人工智能(2),N,https://jhsjk.people.cn/article/40594524
共同开创可持续的美好明天,Create a Sustainable and Better Tomorrow Together,2025-11-01,International,Other Heads of State / Foreign Leaders,speech transcript,人工智能(14),N,https://jhsjk.people.cn/article/40594813
习近平继续出席亚太经合组织第三十二次领导人非正式会议,Xi Jinping Continues to Attend the 32nd APEC Economic Leaders' Informal Meeting,2025-11-02,International,Other Heads of State / Foreign Leaders,meeting description,人工智能(12),N,https://jhsjk.people.cn/article/40594808
习近平宣布中方将在深圳举办亚太经合组织第三十三次领导人非正式会议,Xi Jinping Announces China Will Host the 33rd APEC Economic Leaders' Informal Meeting in Shenzhen,2025-11-02,International,Other Heads of State / Foreign Leaders,meeting description,人工智能(2),N,https://jhsjk.people.cn/article/40594810
习近平同韩国总统李在明会谈,Xi Jinping Holds Talks with South Korean President Lee Jae-myung,2025-11-02,International,Other Heads of State / Foreign Leaders,meeting description,人工智能(2),N,https://jhsjk.people.cn/article/40594811
习近平会见俄罗斯总理米舒斯京,Xi Jinping Meets with Russian Prime Minister Mishustin,2025-11-05,International,Other Heads of State / Foreign Leaders,meeting description,人工智能(2),N,https://jhsjk.people.cn/article/40596883
习近平会见西班牙国王费利佩六世,Xi Jinping Meets with King Felipe VI of Spain,2025-11-13,International,Other Heads of State / Foreign Leaders,meeting description,人工智能(2),N,https://jhsjk.people.cn/article/40602702
习近平会见泰国国王哇集拉隆功,Xi Jinping Meets with King Maha Vajiralongkorn of Thailand,2025-11-15,International,Other Heads of State / Foreign Leaders,meeting description,人工智能(2),N,https://jhsjk.people.cn/article/40604306
健全网络生态治理长效机制  持续营造风清气正的网络空间,"Improve Long-Term Mechanisms for Cyberspace Governance, Continue to Create a Clean and Upright Cyberspace",2025-11-30,Domestic,Party/CCP Officials,speech transcript,人工智能(4),N,https://jhsjk.people.cn/article/40614235
习近平出席中法企业家委员会第七次会议闭幕式并致辞,Xi Jinping Attends the Closing Ceremony of the Seventh Meeting of the China-France Business Council and Delivers Address,2025-12-05,International,Other Heads of State / Foreign Leaders,speech transcript,人工智能(2),N,https://jhsjk.people.cn/article/40617836
国家主席习近平发表二〇二六年新年贺词,President Xi Jinping Delivers 2026 New Year Address,2026-01-01,Domestic,Business/Industry,speech transcript,人工智能(2),N,https://jhsjk.people.cn/article/40637192
习近平同韩国总统李在明举行会谈,Xi Jinping Holds Talks with South Korean President Lee Jae-myung,2026-01-06,International,Other Heads of State / Foreign Leaders,meeting description,人工智能(2),N,https://jhsjk.people.cn/article/40639584
习近平会见爱尔兰总理马丁,Xi Jinping Meets with Irish Prime Minister Martin,2026-01-06,International,Other Heads of State / Foreign Leaders,meeting description,人工智能(4),N,https://jhsjk.people.cn/article/40639585
习近平主持召开中央全面深化改革委员会第七次会议,Xi Jinping Presides Over the Seventh Meeting of the Central Commission for Comprehensively Deepening Reform,,Domestic,Academia/Scientists,meeting description,人工智能(6),Y,https://jhsjk.people.cn/article/30984258
习近平主持召开中央全面深化改革委员会第十二次会议强调 完善重大疫情防控体制机制 健全国家公共卫生应急管理体系 李克强王沪宁韩正出席,"Xi Jinping Presides Over the 12th Meeting of the Central Commission for Comprehensively Deepening Reform, Emphasizing: Improve the System and Mechanism for Major Epidemic Prevention and Control, Improve the National Public Health Emergency Management System; Li Keqiang, Wang Huning, and Han Zheng Attend",,Domestic,Academia/Scientists,meeting description,人工智能(2),Y,https://jhsjk.people.cn/article/31587899
中共中央政治局常务委员会召开会议 习近平主持,"CPC Central Committee Political Bureau Standing Committee Holds Meeting, Xi Jinping Presides",,Domestic,Party/CCP Officials,meeting description,人工智能(2),Y,https://jhsjk.people.cn/article/31693459
习近平主持召开中央全面深化改革委员会第十七次会议,Xi Jinping Presides Over the 17th Meeting of the Central Commission for Comprehensively Deepening Reform,,Domestic,Party/CCP Officials,meeting description,算法(2),Y,https://jhsjk.people.cn/article/31984650
习近平致信祝贺2018世界人工智能大会开幕,Xi Jinping Sends Congratulatory Letter on the Opening of the 2018 World Artificial Intelligence Conference,,International,Other Heads of State / Foreign Leaders,speech transcript,人工智能(35),Y,https://jhsjk.people.cn/article/30298429
习近平致信祝贺甲骨文发现和研究120周年：坚定文化自信 促进文明交流互鉴,"Xi Jinping Sends Congratulatory Letter on the 120th Anniversary of the Discovery and Research of Oracle Bone Inscriptions: Strengthen Cultural Confidence, Promote Exchanges and Mutual Learning Among Civilizations",,International,Other Heads of State / Foreign Leaders,speech transcript,人工智能(2),Y,https://jhsjk.people.cn/article/31434155
习近平主持召开扎实推进长三角一体化发展座谈会并发表重要讲话,Xi Jinping Presides Over Symposium on Solidly Promoting Yangtze River Delta Integration Development and Delivers Important Speech,,International,Other Heads of State / Foreign Leaders,speech transcript,人工智能(2),Y,https://jhsjk.people.cn/article/31832893
习近平在北京考察新冠肺炎防控科研攻关工作时强调 协同推进新冠肺炎防控科研攻关 为打赢疫情防控阻击战提供科技支撑,"Xi Jinping Emphasizes During Inspection of COVID-19 Prevention and Control Scientific Research in Beijing: Coordinate and Promote COVID-19 Prevention and Control Scientific Research, Provide Scientific and Technological Support for Winning the Battle Against the Epidemic",,Domestic,Academia/Scientists,visit description,人工智能(2),Y,https://jhsjk.people.cn/article/31613380
习近平在陕西考察时强调 扎实做好“六稳”工作落实“六保”任务 奋力谱写陕西新时代追赶超越新篇章,"Xi Jinping Emphasizes During Inspection in Shaanxi: Do Solid Work on ""Six Stabilities"" and Implement ""Six Guarantees"" Tasks, Strive to Write a New Chapter of Catching Up and Surpassing in Shaanxi in the New Era",,Domestic,Party/CCP Officials,visit description,人工智能(2),Y,https://jhsjk.people.cn/article/31685652